Dataset,Accuracy,Best_k_nb
HouseTwenty,0.4369747899159664,7
InsectEPGSmallTrain,0.357429718875502,1
InsectEPGRegularTrain,1.0,1
ItalyPowerDemand,0.5743440233236151,6
LargeKitchenAppliances,0.6133333333333333,4
Lightning2,0.639344262295082,1
Mallat,0.335181236673774,1
Meat,0.6666666666666666,1
MedicalImages,0.4842105263157895,1
MiddlePhalanxOutlineCorrect,0.6769759450171822,6
MiddlePhalanxTW,0.5454545454545454,7
MixedShapesRegularTrain,0.5921649484536082,1
MixedShapesSmallTrain,0.48577319587628864,1
MoteStrain,0.46086261980830673,1
OliveOil,0.4,1
PhalangesOutlinesCorrect,0.5932400932400932,6
Plane,0.8476190476190476,1
PowerCons,0.5666666666666667,1
ProximalPhalanxOutlineAgeGroup,0.8634146341463415,6
